	753554	753556	1240142	1240143	753569	1298223	687787	1298226	1240183	687815	905941	908443	1298538	909728	724879
ARID1A_mut	0	0	0	0	0	0	0	0	1	0	0	0	0	0	0
ARID2_mut	0	0	0	0	0	0	0	1	0	0	0	0	0	0	0
CDKN2A_mut	0	0	0	0	1	0	1	0	0	0	0	0	0	0	0
CREBBP_mut	0	0	0	0	0	0	0	0	0	0	0	1	0	0	0
CTNNB1_mut	0	0	0	1	0	0	0	0	0	0	0	0	0	0	0
EP300_mut	0	0	0	1	0	0	0	1	0	0	0	0	0	0	0
FAT1_mut	0	0	0	0	0	0	0	0	0	0	0	0	0	0	1
HRAS_mut	0	0	0	0	1	0	0	0	0	0	0	0	0	0	0
KRAS_mut	0	0	0	0	0	0	0	0	0	0	0	0	0	0	1
MLL2_mut	0	1	0	0	0	0	1	0	0	0	0	0	0	0	1
NF1_mut	0	1	0	0	0	0	0	0	0	0	0	0	0	1	0
NF2_mut	0	0	0	0	0	0	0	1	0	0	0	0	0	0	0
NFE2L2_mut	0	0	0	0	0	0	1	0	0	0	0	0	1	0	0
PBRM1_mut	0	0	0	0	0	0	0	0	0	0	1	0	0	0	0
PIK3CA_mut	0	0	0	0	0	0	0	1	0	0	0	0	1	0	0
RB1_mut	0	0	0	1	0	0	0	0	0	0	0	0	0	0	0
SMARCA4_mut	0	0	0	1	0	0	0	0	0	0	0	0	0	0	0
TP53_mut	1	1	1	1	1	1	1	1	1	1	0	1	1	1	1
ZNRF3_mut	0	0	1	0	0	0	0	0	0	0	0	0	0	0	0
gain:cnaLUSC1	0	0	0	0	0	0	0	0	0	1	0	0	0	0	0
gain:cnaLUSC2	0	0	0	0	0	0	0	0	0	1	0	0	0	0	0
loss:cnaLUSC3	1	1	1	1	1	1	0	0	0	0	0	0	0	0	1
loss:cnaLUSC4	1	1	1	1	1	0	0	0	0	0	0	0	1	0	1
loss:cnaLUSC5 (HRAS,IRF7)	0	0	0	0	0	1	0	0	0	0	0	0	0	0	1
gain:cnaLUSC6 (FGFR1,WHSC1L1)	0	0	0	0	0	0	0	0	1	1	0	1	0	0	0
gain:cnaLUSC7 (MYC)	0	0	0	0	0	0	0	0	1	1	0	1	0	0	0
loss:cnaLUSC8	0	0	0	1	1	1	0	0	0	0	0	0	0	0	0
loss:cnaLUSC10 (CDKN2A)	1	0	0	1	0	1	0	1	1	1	1	0	1	1	1
loss:cnaLUSC11 (GNAQ,NTRK2,PCSK5,TJP2)	0	1	0	0	0	0	0	0	0	0	0	0	0	0	0
gain:cnaLUSC14 (CCT5,TERT,TRIO)	1	0	0	0	0	0	1	0	1	1	0	1	0	0	0
loss:cnaLUSC15	0	0	0	0	0	1	0	0	0	0	0	0	0	0	0
loss:cnaLUSC16	0	0	0	1	1	1	0	0	0	0	0	0	0	0	0
loss:cnaLUSC17 (FAT1,IRF2)	1	0	1	1	0	1	1	1	0	0	0	0	0	0	0
gain:cnaLUSC18	0	0	0	0	0	0	0	0	0	1	0	0	0	0	0
gain:cnaLUSC19 (MDM2,NUP107)	0	0	0	0	0	0	0	0	0	1	0	0	0	0	0
gain:cnaLUSC20 (TAOK1)	0	0	0	0	0	0	0	0	0	1	0	1	0	0	0
loss:cnaLUSC21	0	0	0	1	0	0	0	0	0	0	0	0	0	0	0
loss:cnaLUSC22 (SMARCA4)	1	0	0	1	0	0	0	0	0	0	0	0	0	0	0
loss:cnaLUSC23	0	0	0	1	0	0	0	0	0	0	0	0	0	0	0
gain:cnaLUSC24 (NCK1,STAG1)	0	0	0	0	0	0	0	0	0	0	0	1	0	0	0
gain:cnaLUSC25	0	0	0	0	0	1	0	0	1	1	0	1	0	0	0
gain:cnaLUSC26 (SOX2)	0	0	0	0	0	1	0	0	0	0	0	1	1	0	0
gain:cnaLUSC27 (EIF4A2,RFC4)	0	0	0	0	0	1	0	0	0	0	0	1	0	0	0
loss:cnaLUSC28	0	0	0	1	0	0	0	0	0	0	0	0	0	0	0
loss:cnaLUSC29 (FOXP1)	0	0	0	1	0	0	0	0	0	0	0	0	0	0	0
gain:cnaLUSC30	0	0	0	0	0	1	0	0	0	1	0	1	0	0	0
gain:cnaLUSC31 (MYCN)	0	0	0	0	0	0	0	0	0	1	0	0	0	0	0
gain:cnaLUSC32 (BCL11A,REL,XPO1)	0	0	0	0	0	1	0	0	0	1	0	1	0	0	0
gain:cnaLUSC33 (INPP4A)	0	0	0	0	0	0	0	0	0	1	0	0	0	0	0
gain:cnaLUSC34 (NFE2L2)	0	0	0	0	0	0	0	0	0	1	0	1	0	0	0
gain:cnaLUSC37	0	0	0	0	0	0	0	0	1	1	0	1	0	0	0
gain:cnaLUSC38	0	0	0	0	0	0	0	0	0	1	0	0	0	0	0
gain:cnaLUSC39	0	0	0	0	0	0	0	0	0	1	0	0	0	0	0
gain:cnaLUSC40 (EGFR)	0	0	0	0	0	0	0	0	0	1	0	0	0	0	0
gain:cnaLUSC41 (AKAP9)	1	1	0	0	0	0	0	0	0	1	0	0	1	0	0
loss:cnaLUSC44	0	0	0	1	0	0	0	0	0	0	1	0	0	0	0
gain:cnaLUSC45 (FOXA1,NKX2-1)	0	0	0	0	0	0	0	0	0	1	0	0	0	0	0
gain:cnaLUSC46 (AKT1,HSP90AA1,PPP2R5C)	0	0	0	0	0	0	0	0	0	1	0	0	0	0	0
gain:cnaLUSC47	0	0	0	0	0	0	0	0	0	1	0	0	0	0	0
gain:cnaLUSC48 (MCM3)	0	0	0	0	0	0	0	0	1	0	0	1	0	0	0
gain:cnaLUSC49	0	0	0	0	0	1	0	0	0	0	0	1	0	0	0
loss:cnaLUSC51	0	0	0	1	1	0	0	0	0	1	1	1	0	1	1
loss:cnaLUSC53 (FAS,PTEN)	0	0	0	0	1	0	0	0	0	0	0	0	0	0	1
loss:cnaLUSC54	0	1	0	1	1	0	1	0	0	0	1	0	1	0	1
chr19:21265164-21265433(ZNF714)_HypMET	0	1	0	0	1	1	0	0	0	0	1	1	0	0	1
chr6:27858166-27858564()_HypMET	1	0	0	1	0	1	1	0	0	1	1	1	1	0	0
chr17:44656490-44657494(ARL17A)_HypMET	1	1	1	0	1	1	1	1	1	1	1	1	1	1	1
chr1:110230238-110230614(GSTM1)_HypMET	1	1	1	1	1	1	1	1	1	0	1	1	1	0	1
chr12:104697348-104697984(EID3, TXNRD1)_HypMET	1	1	1	0	0	0	0	0	0	0	0	0	0	1	1
chr14:24803678-24804353(ADCY4, RIPK3)_HypMET	1	1	1	1	1	1	1	1	1	1	1	1	1	1	1
chr16:56659107-56659660(MT1E)_HypMET	1	1	1	0	1	1	1	1	0	1	1	1	1	0	0
chr20:42543097-42545137(TOX2)_HypMET	1	1	1	0	1	1	0	1	1	1	1	1	1	1	1
chr20:61560433-61560954(DIDO1)_HypMET	1	1	1	1	0	1	1	1	1	1	1	1	1	1	1
chr22:24384134-24384405(GSTT1)_HypMET	1	0	1	1	1	1	0	0	0	0	0	0	1	1	0
chr4:102711829-102712199(BANK1)_HypMET	1	1	1	0	1	1	1	1	0	0	1	1	1	0	0
chr5:125930601-125931049(ALDH7A1)_HypMET	1	0	0	0	1	1	1	0	0	0	1	0	1	0	0
chr6:291948-292839(DUSP22)_HypMET	1	0	0	1	1	0	1	0	1	0	1	1	0	1	1
chr7:27195601-27196567(HOXA7)_HypMET	1	1	1	1	1	1	1	1	1	1	1	1	1	1	1
