	924100	905935	907788	905934	1299075	1330993
AKAP9_mut	0	1	0	0	0	0
AQR_mut	0	1	0	0	0	0
ARID1A_mut	1	0	0	0	0	0
ARID1B_mut	0	0	1	0	0	0
ATM_mut	0	0	1	0	0	0
CDH1_mut	0	1	0	0	0	0
CDKN2A_mut	0	1	0	0	0	0
CHD4_mut	1	0	0	0	0	0
CREBBP_mut	0	1	0	0	0	0
CUX1_mut	1	0	1	0	0	0
FAM123B_mut	0	0	1	0	0	0
FAT1_mut	0	1	0	0	0	0
KDM6A_mut	0	0	1	0	0	0
MECOM_mut	0	1	0	0	0	0
MLL2_mut	1	0	0	0	0	0
NF1_mut	0	1	0	0	0	0
NOTCH2_mut	1	1	1	0	0	0
PIK3R1_mut	0	0	1	0	0	0
PLXNA1_mut	1	0	0	0	0	0
PTEN_mut	0	0	1	0	0	0
RB1_mut	1	1	0	0	0	0
STK11_mut	0	1	0	0	0	0
TJP2_mut	0	0	1	0	0	0
TP53_mut	1	1	0	1	1	0
TP53BP1_mut	1	1	1	0	0	0
gain:cnaPRAD3 (RHEB)	0	0	0	1	0	0
loss:cnaPRAD7	1	1	0	0	0	1
loss:cnaPRAD8 (CIC)	0	0	0	1	0	0
loss:cnaPRAD14 (BMPR1A,FAS,PTEN)	0	0	1	1	0	0
chr16:56659107-56659660(MT1E)_HypMET	1	0	1	1	0	0
chr3:53527927-53530106(CACNA1D)_HypMET	1	1	1	0	1	0
chr21:47601020-47601229(C21orf56)_HypMET	1	1	1	0	1	1
chr3:42304944-42305311(CCK)_HypMET	1	0	1	1	1	1
chr1:33938025-33938328(ZSCAN20)_HypMET	1	0	0	1	1	0
chr17:44656490-44657494(ARL17A)_HypMET	1	1	1	1	1	0
chr21:47602431-47602740(C21orf56)_HypMET	0	1	0	0	1	1
chr5:59189046-59189894(PDE4D)_HypMET	0	1	0	1	1	0
chr6:291948-292839(DUSP22)_HypMET	0	0	0	1	1	1
chr8:144659745-144660635(NAPRT1)_HypMET	1	0	0	1	0	1
