	910781	910691	1240127	907051	924187	908129	908130	1240174	909735
ACACA_mut	0	0	0	0	0	0	0	1	0
ANK3_mut	1	0	1	0	0	0	0	1	0
ARID1A_mut	0	0	1	1	0	0	0	0	1
ARID1B_mut	1	0	1	0	1	0	1	0	0
ARID2_mut	1	0	0	0	0	0	0	0	1
ARID5B_mut	0	0	0	1	0	0	1	0	0
ATM_mut	0	0	1	0	0	0	0	0	0
B2M_mut	0	0	0	0	0	0	0	0	1
BAZ2B_mut	1	0	0	0	0	0	0	0	0
BCLAF1_mut	0	1	0	0	0	0	0	1	0
BRAF_mut	0	0	0	0	0	0	0	1	0
CDKN2A_mut	0	0	1	0	0	0	0	1	0
CHD3_mut	0	0	0	0	0	0	0	1	0
CHD4_mut	0	0	1	0	0	1	1	0	0
CHD9_mut	0	0	1	0	0	0	0	0	1
CHEK2_mut	0	0	0	0	0	0	1	0	0
CREBBP_mut	0	0	0	0	0	0	0	1	0
CTCF_mut	1	0	0	1	0	0	0	1	1
CTNNB1_mut	0	0	0	0	0	0	0	0	1
CTNND1_mut	0	1	0	0	0	0	0	0	1
CUX1_mut	0	0	1	0	0	0	0	0	0
DICER1_mut	0	0	1	0	0	0	1	0	0
DNMT3A_mut	0	0	0	0	0	0	0	0	1
EGFR_mut	0	0	1	0	0	0	0	0	0
EP300_mut	0	1	1	1	0	0	0	1	1
FAM123B_mut	0	0	1	0	0	0	0	0	0
FAT1_mut	0	1	1	0	0	0	0	0	0
FBXW7_mut	1	0	1	0	1	0	0	0	0
FGFR2_mut	1	0	0	0	0	0	1	0	0
FXR1_mut	0	0	1	0	0	0	0	0	1
HGF_mut	0	0	0	0	0	0	0	1	0
INPPL1_mut	1	0	0	0	0	0	0	1	0
KDM6A_mut	0	0	0	1	0	0	1	0	0
KRAS_mut	0	0	0	1	0	0	0	0	1
LARP4B_mut	1	0	0	0	0	0	0	1	1
MAP3K1_mut	0	0	0	1	0	0	0	0	0
MET_mut	0	0	0	1	0	0	0	1	0
MGA_mut	0	1	0	0	0	0	0	0	0
MKL1_mut	0	1	1	1	0	0	0	0	0
MLH3_mut	0	0	1	0	0	0	0	0	0
NCOR1_mut	0	0	1	0	0	0	0	0	0
NF1_mut	0	0	1	0	0	0	0	0	0
NF2_mut	0	0	0	1	0	0	0	0	0
NFE2L2_mut	0	0	0	1	0	0	0	0	0
PBRM1_mut	0	0	1	0	0	0	0	1	0
PIK3CA_mut	0	0	1	1	0	1	0	0	1
PIK3R1_mut	0	1	1	0	0	0	0	1	0
PLXNB2_mut	0	0	0	0	0	0	0	1	0
PTEN_mut	1	1	1	0	0	0	1	1	1
RB1_mut	0	1	0	0	0	0	0	0	0
RBM5_mut	0	0	0	0	0	0	0	0	1
RNF43_mut	0	0	1	0	0	0	1	0	0
ROBO2_mut	0	0	0	0	0	0	0	1	1
SACS_mut	0	0	0	0	0	0	0	1	0
SMC1A_mut	0	0	0	1	0	0	0	0	0
STIP1_mut	0	0	0	0	0	0	0	1	1
TP53_mut	1	0	1	1	1	1	1	1	0
ZC3H11A_mut	0	0	1	0	0	0	0	0	0
ZFHX3_mut	1	1	0	1	0	0	0	1	0
ZFP36L2_mut	0	0	0	0	0	0	0	0	1
ZMYM2_mut	0	0	1	0	0	0	0	1	0
ZNRF3_mut	0	0	0	0	0	0	0	1	0
gain:cnaUCEC2 (ERBB3)	0	0	0	0	0	1	0	0	0
gain:cnaUCEC7 (MECOM)	0	0	0	0	0	1	0	0	0
loss:cnaUCEC8 (SRGAP3)	1	0	0	0	0	1	0	0	1
gain:cnaUCEC10	0	0	0	1	0	0	0	0	0
gain:cnaUCEC11 (CCNE1)	0	0	0	0	1	0	0	0	0
gain:cnaUCEC12	0	0	0	0	1	0	0	0	0
loss:cnaUCEC15 (CREBBP)	0	0	0	0	0	1	0	0	0
loss:cnaUCEC39	1	0	0	0	0	0	0	0	0
loss:cnaUCEC44	0	0	0	0	0	1	0	0	0
loss:cnaUCEC45 (POT1)	1	0	0	0	0	0	0	0	0
loss:cnaUCEC46 (RB1)	0	0	0	0	0	1	0	0	0
loss:cnaUCEC50	0	0	0	1	0	1	0	0	0
gain:cnaUCEC52 (PIP5K1A,SETDB1)	0	0	0	0	0	1	0	0	0
chr7:35292985-35294674(TBX20)_HypMET	1	0	1	0	0	1	1	0	1
chr4:66535193-66535620(EPHA5)_HypMET	1	0	1	1	0	1	1	1	1
chr10:48438411-48439320(GDF10)_HypMET	1	1	1	1	0	1	1	1	1
chr17:79818230-79819299(P4HB)_HypMET	1	1	1	1	1	1	1	1	1
chr19:11689417-11689768(ACP5)_HypMET	1	1	1	1	1	1	1	1	1
chr20:61636171-61639055()_HypMET	1	1	1	1	0	1	1	1	1
chr2:108602824-108603467(SLC5A7)_HypMET	1	0	1	1	0	1	1	1	1
chr14:23834435-23835947(EFS)_HypMET	0	1	1	1	1	1	1	1	1
chr10:135043221-135044560(UTF1)_HypMET	1	1	1	1	1	1	1	1	1
chr14:48143433-48145589(MDGA2)_HypMET	1	1	1	1	1	0	1	1	1
chr1:111505881-111507007(C1orf103)_HypMET	1	1	1	1	0	0	1	1	1
chr13:43566074-43566508(EPSTI1)_HypMET	1	1	1	1	0	1	1	1	1
chr7:56183577-56184165(LOC389493)_HypMET	1	1	1	1	0	1	1	1	1
chr20:42543097-42545137(TOX2)_HypMET	1	1	1	1	1	1	1	1	1
chr3:53032813-53033116(SFMBT1)_HypMET	1	1	1	0	0	1	1	0	1
chr5:5139441-5140941(ADAMTS16)_HypMET	1	1	1	1	1	1	1	1	1
chr10:38645112-38645513(HSD17B7P2)_HypMET	0	0	1	0	0	1	0	0	1
chr19:40871617-40871824(PLD3)_HypMET	0	1	1	1	1	1	1	1	0
chr8:11058624-11058844(XKR6)_HypMET	0	1	0	1	0	1	0	0	1
chr11:43902254-43902528(ALKBH3)_HypMET	1	1	1	0	0	0	0	0	1
chr22:48970857-48972947(FAM19A5)_HypMET	1	1	1	1	0	0	1	1	1
chr12:103889148-103889843(C12orf42)_HypMET	1	1	0	1	0	0	1	1	1
chr17:40274523-40275360(HSPB9, KAT2A)_HypMET	1	1	1	1	1	1	1	1	1
chr5:50678632-50679375()_HypMET	1	1	1	1	1	1	1	1	1
chr10:44879714-44882391(CXCL12)_HypMET	1	1	1	1	0	1	1	1	1
chr2:21022564-21022934(C2orf43)_HypMET	1	1	1	0	0	0	1	1	1
chr10:123922850-123923542(TACC2)_HypMET	1	1	1	1	1	1	1	1	1
chr1:110230238-110230614(GSTM1)_HypMET	1	0	1	1	1	1	1	1	1
chr1:1476093-1476669(SSU72)_HypMET	1	1	1	1	1	1	1	1	1
chr1:150266476-150266689(MRPS21)_HypMET	1	0	0	0	0	0	1	1	0
chr11:506353-508009(RNH1)_HypMET	1	1	1	1	0	1	1	1	1
chr12:106532106-106533696(NUAK1)_HypMET	1	1	1	0	0	1	1	1	1
chr12:39299248-39299629(CPNE8)_HypMET	0	1	1	0	1	0	1	1	1
chr1:248020330-248021252()_HypMET	1	1	1	1	1	1	1	1	1
chr14:24803678-24804353(ADCY4, RIPK3)_HypMET	1	1	1	1	1	1	1	1	1
chr1:53308294-53309262(ZYG11A)_HypMET	1	1	1	0	0	0	1	0	1
chr15:45722561-45722939()_HypMET	1	0	1	1	0	0	1	1	1
chr1:60539315-60539540(C1orf87)_HypMET	1	1	1	1	0	1	0	1	1
chr16:3355020-3356012(TIGD7)_HypMET	1	1	1	1	0	1	1	1	0
chr16:56659107-56659660(MT1E)_HypMET	1	1	1	1	1	1	0	1	1
chr16:57562451-57563325(CCDC102A)_HypMET	1	0	1	1	1	1	1	1	1
chr17:43339124-43339832(LOC100133991, MAP3K14, C17orf46)_HypMET	1	1	1	1	1	1	1	1	1
chr17:44656490-44657494(ARL17A)_HypMET	1	1	1	0	1	1	1	1	0
chr17:66255192-66255556(ARSG)_HypMET	1	0	1	1	1	1	1	1	1
chr18:32847284-32848130(ZNF397OS)_HypMET	1	1	1	1	1	1	1	1	1
chr19:15342626-15343181(EPHX3)_HypMET	1	1	1	1	1	1	1	1	1
chr19:21265164-21265433(ZNF714)_HypMET	1	1	0	0	0	0	1	0	0
chr19:22817274-22817546(ZNF492)_HypMET	1	0	0	1	0	1	1	0	0
chr19:44763978-44764312(ZNF233)_HypMET	1	1	1	1	1	1	1	1	1
chr19:48945800-48947636(GRIN2D)_HypMET	1	1	0	1	0	1	1	1	1
chr19:58446336-58446800(ZNF418)_HypMET	0	1	1	1	1	1	1	0	0
chr20:41817475-41819212(PTPRT)_HypMET	1	1	1	1	0	0	1	1	1
chr20:61560433-61560954(DIDO1)_HypMET	1	1	1	1	1	1	1	1	1
chr22:24384134-24384405(GSTT1)_HypMET	1	0	1	1	1	1	0	1	1
chr2:74875128-74875562(C2orf65)_HypMET	1	1	1	1	1	1	1	1	1
chr3:10206449-10207024(IRAK2)_HypMET	1	1	0	1	0	1	1	1	1
chr3:10857687-10858447(SLC6A11)_HypMET	1	1	1	1	0	1	1	1	1
chr3:238391-240140(CHL1)_HypMET	1	1	1	1	0	0	1	1	1
chr3:63263989-63264205(SYNPR)_HypMET	0	1	0	1	0	0	0	1	1
chr4:165878036-165878446(C4orf39, TRIM61)_HypMET	1	1	1	1	0	1	1	1	1
chr5:140305712-140307193(PCDHA7, PCDHA12, PCDHA6, PCDHAC1, PCDHA10, PCDHA4, PCDHA11, PCDHA8, PCDHA1, PCDHA2, PCDHA9, PCDHA13, PCDHA5, PCDHA3)_HypMET	1	0	0	0	1	1	1	1	1
chr6:26044203-26044469(HIST1H2BB, HIST1H3C)_HypMET	1	1	1	1	1	1	1	1	1
chr6:26045644-26046033()_HypMET	1	1	1	1	1	1	1	1	1
chr6:26184036-26184336()_HypMET	1	1	1	1	1	1	1	1	1
chr6:27858166-27858564()_HypMET	1	1	1	1	1	1	1	1	1
chr6:291948-292839(DUSP22)_HypMET	1	1	1	0	1	0	0	1	1
chr6:48036137-48036410(C6orf138)_HypMET	1	1	1	1	1	0	1	1	1
chr6:55443732-55444092(HMGCLL1)_HypMET	1	1	1	1	0	0	1	1	1
chr7:39649253-39649510()_HypMET	1	1	1	1	1	1	1	1	1
chr7:750788-751237(PRKAR1B)_HypMET	1	1	1	1	1	1	1	1	1
chr8:11059011-11059242(XKR6)_HypMET	1	1	0	1	0	0	1	1	1
chr8:67344497-67344989(RRS1)_HypMET	1	1	1	0	0	1	1	1	1
chr9:104248247-104249501(C9orf125)_HypMET	1	1	1	1	1	1	1	1	1
chr9:35791584-35791924(NPR2)_HypMET	1	0	1	1	1	1	1	0	1
